Gansu, Hunan, Heilongjiang, Anhui, Tianjin, Hainan, Ningsia Hui Autonomous Region, Jiangsu, Henan, Shaanxi, Shandong, Qinghai, Beijing, Sichuan, Xinjiang, Shanxi, Guizhou, Guangdong, Hebei, Liaoning, Chongqing, Jiangxi, Hubei, Guangxi, Zhejiang, Tibet, Yunnan, Fujian, Jilin, Inner Mongolia, China, Shanghai, Telangana, Manipur, West Bengal, Dadra and Nagar Haveli, Odisha, Karnataka, Arunachal Pradesh, India, Andaman and Nicobar, Meghalaya, Punjab, Madhya Pradesh, Maharashtra, Daman and Diu, Uttar Pradesh, Uttarakhand, Kerala, Andhra Pradesh, Nagaland, Tamil Nadu, Gujarat, Assam, Goa, Lakshadweep, Puducherry, Chandigarh, Jharkhand, Mizoram, Haryana, Himachal Pradesh, Sikkim, Kashmir, Chhattisgarh, Bihar, Tripura, Rajasthan, Santa Cruz, Departamento de Cochabamba, Bolivia, Departamento de Santa Cruz, Oruro, Departamento de Chuquisaca, Departamento de Pando, Departamento de La Paz, El Beni, Tarija, Pando, Cochabamba, Departamento de Tarija, La Paz, Chuquisaca, Quintana Roo, Colima, Coahuila, Guerrero, Baja California, Tamaulipas, Mexico City, Nayarit, Campeche, Durango, Oaxaca, Chiapas, Jalisco, Puebla, Tlaxcala, Estado de Baja California, Aguascalientes, Chihuahua, Morelos, Tabasco, Hidalgo, Baja California Sur, Guanajuato, Veracruz, Sinaloa, Zacatecas, Sonora, Mexico, Ucayali, Piura, Ancash, Tumbes, Huancavelica, La Libertad, Departamento de Moquegua, Ica, Arequipa, Madre de Dios, Cajamarca, Ayacucho, Lambayeque, Lima region, Loreto, Pasco, Cusco, Callao, Moquegua, Puno, Peru, Tacna, Junin, Lima, Provincia de Herrera, Guna Yala, Provincia de Los Santos, Bocas del Toro, Provincia de Bocas del Toro, Los Santos, Panama, Veraguas, Provincia de Veraguas, Herrera, Buenos Aires, Salta, Neuquen, La Pampa, Formosa, Tierra del Fuego, Jujuy, Santiago del Estero, San Juan, Tucuman, Corrientes, Mendoza, Misiones, Rio Negro, Chaco, Santa Cruz, La Rioja, San Luis, Santa Fe, Entre Rios, Catamarca, Cordoba, Chubut, Argentina, Los Lagos, Chile, Maule, Coquimbo, Atacama, Santiago Metropolitan, Antofagasta, Portuguesa, Monagas, Barinas, Yaracuy, Cojedes, Lara, Venezuela, Dependencias Federales, Capital, Aragua, Zulia, Carabobo, Trujillo, Vargas, Miranda, Nueva Esparta, Sucre, Delta Amacuro, Apure, Departamento de Sucre, San Andres y Providencia, Cundinamarca, Huila, Tolima, Departamento de Tolima, Guaviare, Casanare, Departamento del Valle del Cauca, Valle del Cauca, Departamento de Risaralda, Colombia, Departamento del Cesar, Departamento de Arauca, Departamento del Huila, Departamento del Vichada, Departamento del Cauca, Departamento de La Guajira, Departamento de Caldas, Antioquia, Departamento del Guaviare, Departamento de Norte de Santander, Departamento del Putumayo, Departamento del Magdalena, Norte de Santander, Magdalena, Departamento de Santander, Cesar, Arauca, Sucre, Risaralda, Departamento del Meta, Santander, Departamento de Casanare, Caldas, Meta, Putumayo, La Guajira, Cauca, Vichada, Provincia de Cartago, Provincia de Guanacaste, Alajuela, Heredia, Puntarenas, Provincia de Alajuela, Provincia de Heredia, Cartago, Guanacaste, Costa Rica, Provincia de Puntarenas, Provincia del Azuay, Pichincha, El Oro, Provincia de Esmeraldas, Pastaza, Provincia del Chimborazo, Tungurahua, Napo, Loja, Carchi, Chimborazo, Orellana, Cotopaxi, Provincia de Francisco de Orellana, Azuay, Guayas, Provincia de Cotopaxi, Ecuador, Provincia del Pastaza, Provincia de Santa Elena, Provincia de Napo, Esmeraldas, Provincia del Tungurahua, Imbabura, Provincia de Pichincha, Provincia de Loja, Provincia de El Oro, Provincia de Imbabura, Provincia del Guayas, Santa Elena, Provincia del Carchi, Ragged Island District, High Rock District, Sandy Point, Berry Islands District, Rock Sound, Central Andros, North Abaco, Central Abaco, New Providence, North Abaco District, Rock Sound District, Central Eleuthera, West Grand Bahama, Exuma District, Marsh Harbour, Central Eleuthera District, Black Point, South Abaco, Hope Town, Green Turtle Cay, San Salvador, Hope Town District, North Andros District, Berry Islands, Bahamas, Cat Island, West Grand Bahama District, Mayaguana, Crooked Island and Long Cay, Grand Cay District, Crooked Island and Long Cay District, Mangrove Cay, Freeport, East Grand Bahama, Acklins Island District, Grand Cay, Acklins, Central Andros District, South Andros, San Salvador District, Fresh Creek, South Abaco District, East Grand Bahama District, Marsh Harbour District, New Providence District, Harbour Island, Mayaguana District, Green Turtle Cay District, Fresh Creek District, Black Point District, Sandy Point District, Ragged Island, Kemps Bay, High Rock, Bimini, Exuma, Rum Cay, Spanish Wells District, North Andros, Kemps Bay District, City of Freeport District, South Eleuthera, Central Abaco District, Long Island, Inagua, North Eleuthera, Spanish Wells, Croatia, City of Zagreb, Central Bohemia, South Moravian, Czechia, Norway, Nordland Fylke, Buskerud, Oslo County, Troms, Akershus, Hedmark, Oppland, Vestfold, Hordaland, Oslo, Finnmark, Troms Fylke, Sogn og Fjordane, Nordland, Telemark, Rogaland Fylke, Sogn og Fjordane Fylke, Rogaland, Hordaland Fylke, Basilicate, The Marches, Liguria, Piedmont, Italy, Tuscany, Veneto, Aosta Valley, Sicily, Lombardy, Umbria, Apulia, Campania, Roman Empire, Abruzzo, Friuli Venezia Giulia, Sardinia, Calabria, Latium, Molise, Kainuu, Lapland, Northern Savo, Oulu, Tampere Region, North Ostrobothnia Region, Southern Finland, Kainuu Region, Southern Savonia, Satakunta, Finland, Ostrobothnia, Central Finland, Southwest Finland, Southern Ostrobothnia, Pirkanmaa, Newland Region, Western Finland, South Karelia, Central Ostrobothnia, North Karelia, Eastern Finland, Lapponia, Uusimaa, North Savo, Kymenlaakso, Central Ostrobothnia Region, Northern Ostrobothnia, Oblast Sliven, Blagoevgrad, Dobrich, Gabrovo, Razgrad, Haskovo, Oblast Vratsa, Oblast Montana, Varna, Oblast Pleven, Stara Zagora, Smolyan, Pleven, Shumen, Oblast Shumen, Burgas, Oblast Stara Zagora, Oblast Smolyan, Plovdiv, Pernik, Oblast Razgrad, Ruse, Kyustendil, Oblast Kyustendil, Silistra, Oblast Dobrich, Sliven, Oblast Vidin, Sofia, Yambol, Montana, Pazardzhik, Vidin, Oblast Yambol, Khaskovo, Vratsa, Bulgaria, Lovech, Oblast Silistra, Oblast Ruse, Mazovia, Subcarpathian Voivodeship, Lower Silesia, Lublin, Poland, Lesser Poland Voivodeship, Silesia, West Pomerania, Greater Poland, Pomerania, Podlasie, Lubusz, Opole Voivodeship, Teleorman, Covasna, Ilfov, Tulcea, Hunedoara, Romania, Dolj, Vaslui, Suceava, Gorj, Harghita, Giurgiu, Bihor, Satu Mare, Olt, Prahova, Vrancea, Arad, Transcarpathia, Chernihiv, Odessa, Ukraine, Kyiv City, Chernivtsi, Zaporizhia, Republic of Crimea, Gorod Sevastopol, Kiev, Mogilev, Grodnenskaya, Brest, Minsk, Belarus, Gomel, Minsk City, Vitebsk, Goranboy, Sumqayit, Sabirabad Rayon, Nakhichevan, Jabrayil, Baki, Samux, Zaqatala, Qobustan, Qazax, Zaqatala Rayon, Yevlax City, Shabran, Salyan, Salyan Rayon, Naftalan City, Qusar Rayon, Gobustan Rayon, Ujar Rayon, Qusar, Kalbajar, Samukh Rayon, Baku City, Astara, Goygol Rayon, Quba, Lerik, Shirvan, Yevlakh Rayon, Azerbaijan, Goranboy Rayon, Quba Rayon, Khojavend, Naftalan, Sabirabad, Tovuz, Lerik Rayon, Ucar, Yevlax, Qazakh Rayon, Nakhchivan, Tovuz Rayon, Lankaran Sahari, Jalilabad, Sumqayit City, Shaki City, Masally, Hormozgan, Zanjan, Fars, East Azerbaijan, Razavi Khorasan, Kerman, Iran, Bushehr, Alborz, Sistan and Baluchestan, Markazi, Isfahan, Qom, Yazd, Khuzestan, Chaharmahal and Bakhtiari, Departamento de Comayagua, Honduras, Valle, Departamento de Gracias a Dios, Choluteca, Departamento de Valle, Olancho, Departamento de Yoro, Departamento de Choluteca, Ocotepeque, Bay Islands, Departamento de Ocotepeque, Yoro, Comayagua, Lempira, Departamento de Olancho, Departamento de Lempira, Gracias a Dios, Boaco, Departamento de Granada, Departamento de Boaco, Matagalpa, Departamento de Managua, Rivas, Carazo, Granada, Nueva Segovia, Madriz, Departamento de Madriz, Chinandega, Managua, Departamento de Carazo, Departamento de Chinandega, Departamento de Jinotega, Nicaragua, Departamento de Nueva Segovia, Departamento de Rivas, Chontales, Departamento de Chontales, Departamento de Matagalpa, Masaya, Departamento de Masaya, Jinotega, Departamento de Santa Rosa, Escuintla, Zacapa, Departamento de Jutiapa, Alta Verapaz, Departamento de Escuintla, Chiquimula, Departamento de Baja Verapaz, Departamento de Chimaltenango, San Marcos, Departamento de El Progreso, Santa Rosa, Departamento de Alta Verapaz, Departamento de Chiquimula, El Progreso, Departamento de Jalapa, Huehuetenango, Chimaltenango, Suchitepequez Department, Retalhuleu, Departamento de Retalhuleu, Izabal, Quetzaltenango, Jalapa, Departamento de Guatemala, Departamento de Quetzaltenango, Departamento de Zacapa, Departamento de Huehuetenango, Jutiapa, Baja Verapaz, Suchitepeque, Guatemala, Departamento de Izabal, Departamento de San Marcos, Matanzas, Mayabeque, Granma, Provincia Granma, Provincia de Matanzas, Provincia de Villa Clara, Provincia de Santiago de Cuba, La Habana, Municipio Especial Isla de la Juventud, Villa Clara, Santiago de Cuba, Artemisa, Provincia de Cienfuegos, Isla de la Juventud, Las Tunas, Cienfuegos, Cuba, Greymouth, Otamatea County, Manawatu County, Winton, Piako County, Silverpeaks County, Cook County, Whangarei County, Hobson County, Green Island, Eastbourne, Geraldine, Mosgiel, Tawa, Waimate West County, Raglan County, Otaki, Foxton, Bruce County, Wairarapa South County, Matamata County, Bay of Plenty, Hikurangi, Vincent County, Waitotara County, Palmerston North, Featherston, Chatham Islands, Eketahuna County, Birkenhead, Taumarunui, Southland County, Waiapu County, Tauranga County, Great Barrier Island County, Taupo County, Taumarunui County, Manaia, Clutha County, Kapiti, Hauraki Plains County, Kaikoura County, Malvern County, Clifton County, Horowhenua County, Lyttelton, New Lynn, Levin, Oamaru, Ohakune, Kaitangata, Southland, Lawrence, Waimarino County, Helensville, Rodney County, Mount Wellington, Taranaki, Dannevirke, Ashburton County, Pahiatua County, Nelson, Mount Roskill, Akaroa County, Rangiora District, West Coast, Runanga, Pohangina County, Cheviot County, Papatoetoe, Patea, New Zealand, Waimate County, Grey County, Waikohu County, Eltham County, Roxburgh, Marlborough County, Henderson, Westport, Tuapeka County, Gisborne, Waiheke County, Martinborough, Ellesmere County, Hawera District, Kaikohe, Mackenzie County, Woodville County, Waihemo County, Tuakau, Te Awamutu, Waimea County, Waitara, Huntly, Eyre County, Waipukurau District, Masterton County, East Coast Bays, Te Aroha, Pukekohe, Oxford County, Northcote, Glen Eden, Fiord County, Featherston County, Hutt County, Hurunui County, Marlborough, Waitaki County, Christchurch, Paeroa, Northland, Otago, Otahuhu, Maniototo County, Heathcote County, Waitemata, Wanganui County, Wairoa County, Amuri County, Whangaroa County, Mount Albert, Ngaruawahia, Oroua County, Wairewa County, Murupara, Hokitika, Waipawa District, Dunedin, Dargaville, Onehunga, Ohinemuri County, Newmarket, Waipa County, Tapanui, Manukau, Waverley, Stratford County, Westland County, Mangonui County, Auckland, Wellington, Papakura, Cambridge, Paparua County, Egmont County, One Tree Hill, Strathallan County, Waihi, Patea County, Golden Bay County, Howick, Taranaki County, Porirua, Taihape, Upper Hutt, Petone, Waiuku, Franklin County, Matamata, Lower Hutt, Temuka, Devonport, Tokoroa, Ellerslie, Inangahua County, Waimairi County, Napier, Hokianga County, Kairanga County, Canterbury, Buller County, Tasman, Lake County, Invercargill, Waikato, Opotiki County, Dannevirke County, Inglewood County, Kiwitea County, Cromwell, Mount Herbert County, Wallace County, Kankan, Guinea, Mamou, Kankan Region, Kindia, Nzerekore, Mamou Region, Boke, Conakry Region, Faranah, Nzerekore Region, Boke Region, Conakry, Ngouni, Estuaire, Gabon, Nyanga, Plateau, Mono, Alibori, Kouffo, Zou, Atlantique, Donga, Collines, Atakora, Borgou, Benin, Malampa Province, Sanma Province, Penama, Torba Province, Penama Province, Shefa, Shefa Province, Tafea Province, Tafea, Malampa, Torba, Vanuatu, Sanma, Rennell and Bellona, Malaita Province, Isabel, Isabel Province, Honiara, Temotu, Solomon Islands, Temotu Province, Choiseul, Guadalcanal Province, Guadalcanal, Malaita, Fatick, Tambacounda, Matam, Diourbel, Kolda, Kaolack, Ziguinchor, Louga, Dakar, Senegal, East, Far North, Adamaoua, Centre, North, West, Cameroon, Littoral, South, Beja, Leiria, Aveiro, Portugal, Viseu, Guarda, Braga, Castelo Branco, Portalegre, Faro, Lisbon, Coimbra, Vila Real, Viana do Castelo, Azores, Porto, Madeira, Plateaux, Sangha, Niari, Congo, Likouala, Kouilou, Bouenza, Brazzaville, Pool, Cuvette, Al Kufrah, Al Marqab, Murzuq, Darnah, Libya, Tripoli, Jabal al Gharbi, Surt, Al Marj, Al Jufrah, Burkina Faso, Cascades, Est, Cascades Region, Boucle du Mouhoun, Sahel, Ogun State, Ekiti State, Osun, Nigeria, Enugu State, Borno, Kaduna, Ekiti, Bauchi, Jigawa State, Oyo, Bayelsa State, Yobe State, Niger State, Kaduna State, Gombe, Niger, Imo State, Nassarawa, Anambra, Lagos, Ondo State, Edo, Katsina, Ondo, Rivers, Kano State, Akwa Ibom, Benue, Katsina State, Jigawa, Ebonyi State, Enugu, Gombe State, Delta, Osun State, Borno State, Benue State, Adamawa, Yobe, Akwa Ibom State, Abia State, Plateau State, Cross River, Zamfara, Kwara, Plateau, Imo, Oyo State, Ogun, Bayelsa, Sokoto State, Taraba, Kogi State, Kebbi State, Taraba State, Abia, Kebbi, Kogi, Kwara State, Ebonyi, Sokoto, Cross River State, Rivers State, Nasarawa State, Kano, Zamfara State, Brakna, Assaba, Gorgol, Nouakchott, Hodh ech Chargui, Trarza, Wilaya du Trarza, Mauritania, Tagant, Inchiri, Guidimaka, Nouakchott Ouest, Nouakchott Nord, Hodh El Gharbi, Nouakchott Sud, Adrar, District de Nouakchott, Dakhlet Nouadhibou, Tiris Zemmour, Manouba, Gafsa, Gouvernorat de Kef, Tunisia, Gouvernorat de Tozeur, Gouvernorat de Bizerte, Kef, Tataouine, Tawzar, Banzart, Mila, Medea, Mascara, Tizi Ouzou, Khenchela, Annaba, Ouargla, Souk Ahras, Tamanrasset, Boumerdes, Jijel, Ghardaia, Mostaganem, Bouira, Saida, Illizi, El Tarf, Algiers, Batna, Oum el Bouaghi, Algeria, Guelma, Constantine, Blida, Tiaret, Naama, Djelfa, El Bayadh, Laghouat, Tissemsilt, Biskra, Tindouf, Tipaza, Relizane, Skikda, El Oued, Chlef, Oran, Tlemcen, East Sepik, Jiwaka, Gulf Province, Eastern Highlands, New Ireland, West New Britain Province, Morobe, East Sepik Province, East New Britain Province, Western Highlands Province, Bougainville, Papua New Guinea, Milne Bay Province, Manus, Western Highlands, National Capital, West Sepik Province, Morobe Province, East New Britain, Chimbu Province, Southern Highlands Province, Eastern Highlands Province, Gulf, Sandaun, Southern Highlands, West New Britain, Madang, Madang Province, Hela, Manus Province, Enga, Chimbu, Milne Bay, Enga Province, East Gobi Aymag, Mongolia, Arhangay, Uvs, Bayanhongor, Hentiy Aymag, Orhon Aymag, Ulaanbaatar Hot, Hentiy, Hovd, East Aimak, Ulaanbaatar, Dzavhan Aymag, Dzabkhan, Bulgan, Arhangay Aymag, Selenge Aymag, Selenge, Bayanhongor Aymag, Uvs Aymag, Orhon, Territory of Ashmore and Cartier Islands, New South Wales, Jervis Bay Territory, Coral Sea Islands Territory, Queensland, Northern Territory, Western Australia, Australia, Victoria, Tasmania, South Australia, Oriental, Morocco, Spain, Andalusia, Cantabria, Ceuta, Basque Country, Catalonia, Canary Islands, Galicia, Asturias, Murcia, Melilla, Navarre, Valencia, Balearic Islands, Extremadura, Madrid, Aragon, Kanem, Wadi Fira, Ennedi, Chad, Batha, Barh el Gazel, Lac, Ennedi Region, Logone Oriental, Salamat, Mandoul, Tibesti, Sila, Borkou, Logone Occidental, Kidal, Sikasso, Koulikoro, Mali, Tombouctou, Gao, Mopti, Bamako, Bamako Region, Kayes, Niamey, Diffa, Dosso, Maradi, Tahoua, Dosso Region, Zinder, Agadez, Niger, Bioko Sur, Litoral, Centro Sur, Annobon, Bioko Norte, Equatorial Guinea, Liberia, River Gee, Grand Cape Mount, River Cess, Grand Bassa County, Bong County, Grand Bassa, River Gee County, Grand Cape Mount County, Montserrado, Gbarpolu, Nimba County, Bomi, Lofa County, Lofa, Gbarpolu County, Montserrado County, Margibi, Grand Gedeh, Nimba, Bong, Sinoe, Margibi County, Grand Kru County, Sinoe County, River Cess County, Maryland, Grand Kru, Maryland County, Grand Gedeh County, Bomi County, Volta Region, Northern, Western Region, Greater Accra, Upper West, Upper West Region, Greater Accra Region, Volta, Western, Upper East, Ghana, Ashanti, Northern Region, Upper East Region, Ashanti Region, Rotuma, Western, Northern, Fiji, Zanzan, Lagunes, Lacs, Yamoussoukro Autonomous District, Fromager, Abidjan, Montagnes, Worodougou, Ivory Coast, Woroba, Savanes, District des Montagnes, Analamanga Region, Androy, Betsiboka, Menabe, Sava Region, Betsiboka Region, Yugoslavia, Vatovavy Fitovinany, Analamanga, Sofia Region, Diana Region, Anosy, Bongolava Region, Menabe Region, Analanjirofo, Diana, Itasy Region, Vakinankaratra, Alaotra Mangoro Region, Melaky, Vakinankaratra Region, Atsinanana, Vatovavy Fitovinany Region, Melaky Region, Analanjirofo Region, Boeny Region, Ihorombe Region, Ihorombe, Alaotra Mangoro, Anosy Region, Itasy, Atsinanana Region, Sofia, Madagascar, Androy Region, Boeny, Bongolava, Upper Matsiatra, Sava, Central Region, Southern Region, Malawi, Budapest, Somogy megye, Zala, Baranya, Heves, Somogy, Vas, Bekes, Hungary, Tolna, Tolna megye, Pest, Pest megye, Heves megye, Northern Province, Luapula Province, Copperbelt, Northern, Zambia, Eastern Province, Southern Province, Southern, Muchinga, Luapula, Western Province, Central Province, Eastern, Western, Lusaka Province, Lusaka, Central, Zimbabwe, Mashonaland Central, Mashonaland West, Bulawayo, Mashonaland East, Harare, Masvingo, Midlands, Matabeleland South, Masvingo Province, Matabeleland North, Manicaland, Matabeleland South Province, Mashonaland East Province, Midlands Province, Salavan, Loungnamtha, Khammouan, Xiagnabouli, Bolikhamsai, Vientiane, Vientiane Prefecture, Xaisomboun, Xiangkhouang, Champasak, Xiangkhoang, Laos, Bokeo, Houaphan, Luang Prabang Province, Louangphabang, Attapu, Xaignabouli, Louangnamtha, Taichung County, Taipei, Taiwan, Fukien, Kaohsiung, Calabarzon, Soccsksargen, Metro Manila, Mimaropa, Northern Mindanao, Western Visayas, Central Luzon, Caraga, Philippines, Ilocos, Eastern Visayas, Cordillera, Bicol, Central Visayas, Zamboanga Peninsula, National Capital Region, Negros Island Region, Cagayan Valley, Davao, Southeast Sulawesi, East Java, North Kalimantan, Central Java, Jambi, West Java, West Kalimantan, South Kalimantan, Central Sulawesi, Lampung, Riau Islands, North Maluku, West Sumatra, Aceh, Central Kalimantan, East Kalimantan, North Sumatra, North Sulawesi, Bali, Gorontalo, Maluku, West Sulawesi, Riau, Jakarta, Indonesia, West Nusa Tenggara, West Papua, South Sulawesi, Banten, Yogyakarta, Soviet Union, East Nusa Tenggara, Bengkulu, Papua, South Sumatra, Sabah, Sarawak, Negeri Sembilan, Melaka, Perak, Malaysia, Selangor, Johor, Pahang, Terengganu, Kedah, Kelantan, Labuan, Penang, Perlis, Putrajaya, Kuala Lumpur, South Korea, Daejeon, Incheon, North Chungcheong, Seoul, Busan, Gwangju, Daegu, Ulsan, Gifu, Shiga, Niigata, Kyoto, Okayama, Oita, Ishikawa, Kumamoto, Saitama, Okinawa, Yamanashi, Yamagata, Gunma, Aomori, Kagawa, Iwate, Shizuoka, Hokkaido, Miyagi, Aichi, Mie, Nagasaki, Fukushima, Kanagawa, Ibaraki, Tochigi, Nara, Tokushima, Fukui, Kochi, Tottori, Yamaguchi, Saga, Toyama, Kagoshima, Akita, Ehime, Hiroshima, Japan, Miyazaki, Chiba, Shimane, Tokyo, Fukuoka, Wakayama, Nagano, Kampot Province, Kandal, Ratanakiri, Kampong Thom, Pursat, Phnom Penh, Kratie, Banteay Meanchey, Kampong Cham Province, Svay Rieng, Pailin, Kep, Mondolkiri, Siem Reap, Battambang, Prey Veng, Svay Rieng Province, Preah Vihear, Koh Kong, Stung Treng, Takeo, Kampong Chhnang, Tboung Khmum, Kampong Speu, Cambodia, Preah Sihanouk, Kampong Cham, Kampot, Changwat Sing Buri, Changwat Phrae, Changwat Phatthalung, Changwat Nonthaburi, Changwat Songkhla, Changwat Nan, Buriram, Surin, Changwat Samut Songkhram, Changwat Udon Thani, Nakhon Sawan, Phatthalung, Changwat Lamphun, Changwat Phitsanulok, Changwat Samut Prakan, Changwat Khon Kaen, Phrae, Phuket, Khon Kaen, Yasothon, Lop Buri, Sa Kaeo, Lampang, Kamphaeng Phet, Phangnga, Changwat Ubon Ratchathani, Phayao, Nakhon Nayok, Narathiwat, Changwat Nakhon Si Thammarat, Changwat Phichit, Changwat Samut Sakhon, Changwat Sa Kaeo, Changwat Yala, Changwat Mae Hong Son, Uthai Thani, Sisaket, Yala, Changwat Chumphon, Sukhothai, Changwat Phangnga, Changwat Ang Thong, Changwat Maha Sarakham, Changwat Phra Nakhon Si Ayutthaya, Kalasin, Changwat Sara Buri, Changwat Nakhon Sawan, Changwat Chon Buri, Changwat Sukhothai, Songkhla, Changwat Sakon Nakhon, Phetchaburi, Lamphun, Changwat Rayong, Satun, Pattani, Changwat Lampang, Chanthaburi, Phichit, Changwat Nakhon Ratchasima, Changwat Nakhon Nayok, Ranong, Trat, Phra Nakhon Si Ayutthaya, Changwat Nakhon Phanom, Changwat Narathiwat, Rayong, Changwat Nong Khai, Changwat Ranong, Sara Buri, Pathum Thani, Changwat Roi Et, Changwat Pathum Thani, Maha Sarakham, Changwat Phayao, Prachin Buri, Changwat Trat, Mukdahan, Changwat Chiang Rai, Changwat Trang, Changwat Prachuap Khiri Khan, Nakhon Ratchasima, Surat Thani, Changwat Mukdahan, Uttaradit, Changwat Tak, Chai Nat, Chiang Mai Province, Nan, Samut Sakhon, Changwat Kalasin, Changwat Uttaradit, Tak, Amnat Charoen, Changwat Phetchabun, Changwat Loei, Changwat Nong Bua Lamphu, Trang, Changwat Uthai Thani, Sing Buri, Changwat Buriram, Suphan Buri, Mae Hong Son, Roi Et, Ratchaburi, Chumphon, Phitsanulok, Changwat Chanthaburi, Changwat Surat Thani, Prachuap Khiri Khan, Changwat Bueng Kan, Chiang Mai, Changwat Satun, Loei, Chaiyaphum, Changwat Amnat Charoen, Changwat Surin, Changwat Chachoengsao, Changwat Chai Nat, Chon Buri, Sakon Nakhon, Phetchabun, Chachoengsao, Ang Thong, Thailand, Changwat Suphan Buri, Changwat Sisaket, Samut Songkhram, Samut Prakan, Nakhon Si Thammarat, Changwat Ratchaburi, Changwat Krabi, Changwat Lop Buri, Changwat Nakhon Pathom, Nonthaburi, Nakhon Phanom, Nakhon Pathom, Nong Khai, Changwat Kanchanaburi, Changwat Prachin Buri, Changwat Yasothon, Kanchanaburi, Chiang Rai, Changwat Pattani, Changwat Phetchaburi, Changwat Kamphaeng Phet, Bangkok, Changwat Chaiyaphum, Krabi, Namangan, Karakalpakstan, Surxondaryo, Samarqand Viloyati, Navoiy Province, Jizzakh Province, Qashqadaryo, Andijon, Uzbekistan, Jizzax, Navoiy, Toshkent, Andijan, Bukhara, Xorazm, Toshkent Viloyati, Toshkent Shahri, Sirdaryo, Fergana, Samarqand, Xorazm Viloyati, Surxondaryo Viloyati, Osh, Batken, Naryn oblast, Osh City, Osh Oblasty, Naryn, Kyrgyzstan, Talas, Bishkek, Gorod Bishkek, Almaty Qalasy, Zhambyl Oblysy, Pavlodar Oblysy, Qostanay, Almaty Oblysy, Kazakhstan, Zhambyl, West Kazakhstan, Pavlodar, Astana Qalasy, Batys Qazaqstan, Aqmola Oblysy, Qyzylorda Oblysy, Baikonur, Aqmola, Qaraghandy Oblysy, East Kazakhstan, Qaraghandy, Qostanay Oblysy, Qyzylorda, North Korea, Pyongyang, Rason, Normandy, Limousin, Corsica, Pays de la Loire, Lorraine, Occitanie, Picardie, Brittany, Auvergne, France, Aquitaine, Lower Normandy, Bourgogne, Alsace, Austria, Vorarlberg, Tyrol, Lower Austria, Upper Austria, Styria, Vienna, Burgenland, Carinthia, Salzburg, West Glamorgan, Strathclyde, West Midlands, Scotland, Clwyd, Avon, Spenborough, Grampian, Lothian Region, Hereford and Worcester, Greater Manchester, Northern Ireland, United Kingdom, Dyfed, West Suffolk, Merseyside, Tayside, South Glamorgan, England, Humberside, Aireborough, Mid Glamorgan, Wales, Hamburg, Thuringia, Brandenburg, Germany, Bavaria, Saxony, Lower Saxony, Berlin, Land Berlin, Bremen, Hesse, Saarland, East Germany, Respublika Adygeya, Primorskiy Kray, Respublika Ingushetiya, Krasnoyarskiy, Udmurtiya, Primorskiy, Udmurtskaya Respublika, Chukotka, Ulyanovsk, Perm, Karelia, Chechnya, Komi, Respublika Khakasiya, Russia, Rostov, Moscow, Dagestan, Ingushetiya, Kamtchatski Kray, Khabarovsk, Respublika Buryatiya, Tatarstan, Moscow Oblast, Mordoviya, Chuvashia, Adygeya, Krasnoyarskiy Kray, Perm Krai, Kamtsjatka, Perm Oblast, Khakasiya, Kalmykiya, Krasnodarskiy Kray, Republic of Tyva, Respublika Mordoviya, Krasnodarskiy, North Ossetia, Transbaikal Territory, Altai, Chelyabinsk, Bashkortostan, Altai Krai, Murmansk, Arkhangelskaya, Chukot, Nenets, Jewish Autonomous Oblast, Norrbotten, Gotland, Sweden, Dalarna, Stockholm, Kronoberg, Uppsala, Blekinge, Kalmar, Halland, Western Cape, Northern Cape, Eastern Cape, Limpopo, South Africa, Mpumalanga, Orange Free State, Gauteng, Kgatleng, Kgalagadi, Ngwaketsi, Kweneng, Ghanzi, Botswana, Central, Rodrigues, Savanne District, Plaines Wilhems District, Cargados Carajos, Black River, Moka, Grand Port, Flacq, Port Louis District, Port Louis, Mauritius, Pamplemousses, Grand Port District, Black River District, Agalega Islands, Pamplemousses District, Flacq District, Moka District, Plaines Wilhems, Savanne, Mozambique, Inhambane, Gaza, Cabo Delgado Province, Manica Province, Maputo, Nampula, Inhambane Province, Sofala, Niassa Province, Cabo Delgado, Niassa, Cidade de Maputo, Gaza Province, Sofala Province, Tete, Maputo City, Manica, Sabaragamuwa, Province of Sabaragamuwa, North Western Province, Sri Lanka, North Central Province, Uva, Province of Uva, North Central, North Western, Khulna, Khulna Division, Sylhet, Mymensingh Division, Dhaka Division, Chittagong, Rangpur Division, Rajshahi Division, Bangladesh, Sylhet Division, Dhaka, Mary, Ashgabat, Balkan, Lebap, Ahal, Turkmenistan, Ashtskiy Rayon, Viloyati Khatlon, Khatlon, Viloyati Sughd, Republican Subordination, Dushanbe, Tajikistan, Nepal, Far Western, Mid Western, Sindh, Khyber Pakhtunkhwa, Pakistan, Azad Kashmir, Paktika, Wardak, Takhar, Zabul, Baghlan, Badghis, Laghman, Daykundi, Herat, Bamyan, Kunar, Logar, Nimroz, Nuristan, Badakhshan, Kapisa, Panjshir, Helmand, Samangan, Khowst, Parwan, Balkh, Faryab, Farah, Afghanistan, Jowzjan, Kabul, Kunduz, Nangarhar, Vardak, Kandahar, Ghazni, Paktia, Oruzgan, Ghowr, Dodoma, Mbeya, Kigoma, Kilimanjaro, Pwani, Lindi, Tanzania, Manyara, Dar es Salaam Region, Dar es Salaam, Singida, Arusha, Simiyu, Katavi, Zanzibar North, Ruvuma, Pemba North, Pemba South, Iringa, Tabora, Tanga, Mwanza, Mtwara, Mara, Geita, Njombe, Rukwa, Morogoro, Kagera, Shinyanga, Laikipia, Nyeri, Nyandarua, Narok, Homa Bay, West Pokot, Kenya, Nakuru, Wajir, Nyanza Province, Vihiga, Kajiado, Kisumu, Baringo, Kakamega, Embu, Rift Valley Province, Kericho, Machakos, Bomet, Nandi, Busia, Rift Valley, Siaya, Mombasa, Kilifi, Kitui, Nyamira, Turkana, Tana River, Kisii, Uasin Gishu, Meru, Eastern, Taita Taveta, Garissa, Marsabit, Samburu, Nyanza, Kwale, Coast Province, Trans Nzoia, Mandera, Isiolo, Nairobi, Migori, Kirinyaga, Lamu, Makueni, Kiambu, Bungoma, Nairobi Area, Tshopo, Bandundu, DR Congo, Kinshasa, Mongala, Kwango, Maniema, Katanga, Ituri, Haut Uele, Tanganika, Bas Uele, Kasai, Orientale, Lomami, Tshuapa, South Kivu, Nord Kivu, Lualaba, Sankuru, Kwilu, Mai Ndombe, Latakia, Dimashq, Hama, Homs, Palmyrene Empire, Idlib, Daraa, Quneitra, Syria, Aleppo, Tartus, Dhofar, Muscat, Northeastern Governorate, Al Batinah South, Al Batinah North, Southeastern Governorate, Ad Dakhiliyah, Oman, Al Buraimi, Musandam, Ajman, Al Fujayrah, Abu Dhabi, Dubai, United Arab Emirates, Umm al Qaywayn, Bayburt, Gaziantep, Giresun, Ordu, Adana, Bitlis, Zonguldak, Batman, Artvin, Denizli, Tokat, Sinop, Van, Erzurum, Burdur, Yalova, Ardahan, Bilecik, Osmaniye, Hatay, Afyonkarahisar, Malatya, Isparta, Mardin, Amasya, Manisa, Mersin, Kocaeli, Ankara, Karaman, Trabzon, Bursa, Aksaray, Kayseri, Sivas, Tunceli, Kastamonu, Konya, Antalya, Istanbul, Turkey, Edirne, Kilis, Siirt, Yozgat, Kars, Canakkale, Bolu, Samsun, Rize, Erzincan, Sakarya, Dire Dawa, Gambela, Amhara, Addis Ababa, Tigray, Ethiopia, Oromiya, Somali, Harari, Anseba, Maekel, Eritrea, Debub, Northern Red Sea, Southern Red Sea, Sharqia, Ismailia, Matruh, Giza, Qena, Sohag, Suez, Egypt, Dakahlia, New Valley, Damietta, Aswan, Qalyubia, Luxor, Minya, North Sinai, South Sinai, Faiyum, Beni Suweif, Monufia, Alexandria, Gharbia, Beheira, Red Sea, Asyut, Cairo, Port Said, Vakaga, Ouham, Ouaka, Bangui, Mbomou, Lobaye, Central African Republic, Uganda, Eastern Region, Karak, Amman, Mafraq, Balqa, Aqaba, Irbid, Jerash, Zarqa, Ajloun, Jordan, Madaba, Tafielah, Red Sea State, Central Darfur, West Kordofan State, Darfur, Kassala, River Nile, Khartoum, Kurdufan Wilayat, Southern Kordofan, Sudan, Northern State, Blue Nile, North Kordofan, White Nile, Darfur Wilayat, Blue Nile State, Northern Darfur, Western Darfur, Southern Darfur, Red Sea, Eastern Darfur, Attica, Greece, Ionian Islands, East Macedonia and Thrace, South Aegean, Mount Athos, West Macedonia, North Aegean, Epirus, West Greece, Thessaly, Central Macedonia, Central Greece, Peloponnese, Crete, Al Bayda Governorate, Ibb, Soqatra, Omran, Yemen, Shabwah, Aden, Sanaa, Amanat Al Asimah, Raymah, Yemen, Democratic, Al Hudaydah, Al Mahrah, Nugaal, Woqooyi Galbeed, Banaadir, Jubbada Hoose Region, Middle Juba, Bari, Galguduud, Middle Shabele, Togdheer, Mudug, Hiiraan, Sanaag, Bay, Lower Shabeelle, Somalia, Lower Juba, Bakool, Sool, Awdal, Gedo, Baghdad, Maysan, Dhi Qar, Kirkuk, Salah ad Din, Iraq, An Najaf, Basra, Al Bahah, Al Jawf, Najran, Saudi Arabia, Tabuk, Jizan, Makkah, Makkah Province, Northern Borders, Ho Chi Minh City, Gia Lai, Long An, Vietnam, An Giang, Hau Giang, Kon Tum, Departamento de la Cordillera, Departamento de San Pedro, Departamento del Amambay, San Pedro, Presidente Hayes, Misiones, Paraguay, Amambay, Departamento de Alto Paraguay, Cordillera, Alto Paraguay, Departamento de Presidente Hayes, Departamento Central, Departamento de Misiones, Central, Rocha, Salto, Departamento de Flores, Rivera, Departamento de Durazno, Flores, Soriano, Maldonado, Lavalleja, Departamento de Rocha, Artigas, Departamento de Salto, Montevideo, Cerro Largo, Colonia, Uruguay, Departamento de Montevideo, Departamento de Treinta y Tres, Treinta y Tres, Departamento de Rivera, Durazno, Canelones, Pernambuco, Tocantins, Minas Gerais, Mato Grosso, Acre, Alagoas, Federal District, Amazonas, Sergipe, Rio de Janeiro, Rio Grande do Norte, Rio Grande do Sul, Mato Grosso do Sul, Roraima, Santa Catarina, Bahia, Brazil, Luanda Norte, Huambo, Lunda Sul, Moxico, Kwanza Sul, Cunene, Cuando Cobango, Angola, Namibe, Bengo, Luanda, Malanje, Cuanza Norte, Cabinda, Zaire, Benguela, Oshana, Hardap, Kavango East, Kavango West, Omusati, Erongo, Karas, Otjozondjupa, Namibia, Omaheke, Khomas, Ohangwena, Zambezi, Zambezi Region, Kunene, Okavango, Oshikoto, Guyana, Southern Liech, Unity, Namorunyang, Western Bahr al Ghazal, Eastern Equatoria State, Aweil, Northern Bahr al Ghazal, Fangak, Akobo, Amadi State, Latjoor, Aweil East, Eastern Lakes, Ruweng, Lakes State, Lol, Tambura, Western Lakes, Jonglei, Maiwut, Warrap, Western Bahr el Ghazal State, Boma, Wau, Kapoeta, Gogrial, Gbudwe, Eastern Equatoria, Lakes, South Sudan, Northern Liech, Upper Nile, Fashoda, Jubek, Bieh, Western Equatoria, Maridi, Twic, Terekeka, Central Upper Nile, Imatong, Gok, Central Equatoria, Tonj, Northern Upper Nile, Yei River, Yukon, Prince Edward Island, Nova Scotia, Saskatchewan, Alberta, New Brunswick, Ontario, Quebec, British Columbia, Newfoundland and Labrador, Nunavut, Canada, Northwest Territories, Manitoba, Rhode Island, New Jersey, Utah, New Mexico, Texas, Louisiana, Oregon, West Virginia, California, Arkansas, Maine, Vermont, South Carolina, Alaska, Michigan, Pennsylvania, Ohio, Tennessee, Mississippi, Hawaii, Minnesota, Massachusetts, Nevada, Florida, New Hampshire, Missouri, Illinois, Wisconsin, Alabama, Delaware, Wyoming, Virginia, United States, Montana, Maryland, Indiana, Colorado, Nebraska, Washington, New York, Connecticut, North Carolina, North Dakota, Arizona, New England Region, Iowa, Kentucky, South Dakota, Kansas, Oklahoma, Idaho, Kiribati, Line Islands, Gilbert Islands, Phoenix Islands, Niuas, Tongatapu, Tonga, Palauli, Atua, Gagaifomauga, Vaisigano, Tuamasaga, Samoa, Peravia, Hermanas Mirabal, Provincia de Azua, La Romana, Provincia de Independencia, Provincia de San Juan, Azua, Pedernales, Provincia de Valverde, Provincia de Hato Mayor, Hato Mayor, La Altagracia, La Vega, Monte Plata, Provincia de Pedernales, Dominican Republic, Provincia de Baoruco, Provincia de Hermanas Mirabal, San Juan, Monte Cristi, Provincia Duarte, Barahona, Provincia de La Altagracia, Independencia, Puerto Plata, Duarte, Provincia de La Vega, Provincia de Barahona, Provincia de Monte Plata, Espaillat, Nacional, Baoruco, Provincia de Monte Cristi, Provincia de La Romana, Valverde, Provincia Espaillat, Provincia de Santo Domingo, Provincia de Peravia, Provincia de Santiago, Santiago, Santo Domingo, Point Fortin, Borough of Arima, Sangre Grande, Tobago, City of San Fernando, City of Port of Spain, Mayaro, Princes Town, Trinidad and Tobago, Siparia, Diego Martin, Chaguanas, Nord, Haiti, Sud, Trebnje, Selnica ob Dravi, Dolenjske Toplice, Vuzenica, Celje, Muta, Cerklje na Gorenjskem, Gornja Radgona, Gornji Petrovci, Kungota, Mislinja, Jesenice, Kostel, Nova Gorica, Ribnica na Pohorju, Bistrica ob Sotli, Radenci, Beltinci, Maribor, Makole, Horjul, Tabor, Cerknica, Vrhnika, Mirna, Jezersko, Duplek, Dobje, Radovljica, Hajdina, Sveta Ana, Cerkvenjak, Sentjur, Naklo, Velika Polana, Rogatec, Ig, Postojna, Velenje, Cerkno, Oplotnica, Bloke, Gorje, Vipava, Bohinj, Brezovica, Mozirje, Comune di Ancarano, Videm, Cirkulane, Ptuj, Kobilje, Kuzma, Ljubljana, Ilirska Bistrica, Osilnica, Slovenska Konjice, Idrija, Vitanje, Odranci, Borovnica, Ljutomer, Kranj, Slovenj Gradec, Slovenia, Dornava, Pesnica, Kostanjevica na Krki, Cankova, Polzela, Vojnik, Podlehnik, Logatec, Dravograd, Moravske Toplice, Markovci, Vodice, Litija, Dobrna, Kozje, Sevnica, Slovenske Konjice, Benedikt, Brda, Preddvor, Komen, Ribnica, Lenart, Destrnik, Grosuplje, Kranjska Gora, Dobrepolje, Hrastnik, Trbovlje, Komenda, Pivka, Grad, Nazarje, Kanal, Lovrenc na Pohorju, Lukovica, Sveti Jurij v Slovenskih Goricah, Ljubno, Murska Sobota, Kamnik, Prevalje, Zagorje ob Savi, Vransko, Prebold, Trzin, Dol pri Ljubljani, Radlje ob Dravi, Metlika, Podvelka, Medvode, Gornji Grad, Slovenska Bistrica, Puconci, Andrijevica, Pljevlja, Kotor, Montenegro, Herceg Novi, Bijelo Polje, Gusinje, Tivat, Mojkovac, Ulcinj, Podgorica, Bar, Danilovgrad, Budva, Berane, Cetinje, Petnjica, Pec, Gjakova, Gjilan, Prizren, Pristina, Mitrovica, Kosovo, Ferizaj, Fier, Albania, Berat, Qarku i Fierit, Qarku i Beratit, Qarku i Elbasanit, Elbasan, Georgia, Shida Kartli, Ajaria, Kakheti, Imereti, Kvemo Kartli, Abkhazia, Samegrelo and Zemo Svaneti, Guria, Lithuania, Vilnius, Kaunas, Telsiai, Utena, Alytus, Siauliai, Criuleni, Leova, Moldova, Raionul Soroca, Cahul, Nisporeni, Ungheni, Ialoveni, Cantemir, Glodeni, Drochia, Basarabeasca, Orhei, Taraclia, Rezina, Bender Municipality, Anenii Noi, Briceni, Toledo, Corozal, Toledo District, Stann Creek, Orange Walk, Belize District, Belize, Corozal District, Cayo, Cayo District, Stann Creek District, Orange Walk District, San Miguel, La Libertad, Departamento de San Vicente, San Salvador, Departamento de San Salvador, Departamento de San Miguel, Santa Ana, Departamento de Santa Ana, Chalatenango, Departamento de La Libertad, Departamento de Chalatenango, San Vicente, El Salvador, Sonsonate, Departamento de Sonsonate, Central River, Lower River, Gambia, Upper River, North Bank, Banjul, Western Area, Sierra Leone, Togo, Centrale, Maritime, Kara, Cova Lima, Baucau, Manatuto, Viqueque, Ermera, East Timor, Bobonaro, Manufahi, Aileu, Ainaro, Oecusse, Butel, Novaci, Bosilovo, Kavadarci, Vinica, Dolneni, Kriva Palanka, Strumica, Demir Hisar, Valandovo, Lozovo, Sveti Nikole, Vasilevo, Karbinci, Aerodrom, Tearce, Ilinden, Berovo, Jegunovce, Oslomej, Rosoman, Bogovinje, Zelenikovo, Veles, Tetovo, Gevgelija, Makedonski Brod, Saraj, Macedonia, Prilep, Kumanovo, Opstina Rankovce, Demir Kapija, Mogila, Drugovo, Grad Skopje, Struga, Novo Selo, Brvenica, Gradsko, Ohrid, Zajas, Kratovo, Zrnovci, Kisela Voda, Petrovec, Gostivar, Bogdanci, Gazi Baba, Negotino, Makedonska Kamenica, Opstina Lipkovo, Bitola, Debarca, Opstina Gjorce Petrov, Debar, Resen, Plasnica, Ndzuwani, Comoros, Anjouan, Grande Comore, Temburong District, Tutong, Temburong, Tutong District, Brunei and Muara, Brunei, Brunei and Muara District, Belait District, Belait, Crozet, Kerguelen, Archipel des Kerguelen, French Southern Territories, Archipel des Crozet, Singapore, North East, North West Community Development Council, North West, South West, Central Singapore, South East, North East Community Development Region, South West Community Development Council, South East Community Development Council, Central Singapore Community Development Council, Provincie Flevoland, Overijssel, Netherlands, Provincie Zeeland, Groningen, Provincie Overijssel, Drenthe, Provincie Gelderland, North Holland, Provincie Utrecht, Flevoland, Utrecht, Zeeland, Limburg, Friesland, Provincie Drenthe, South Holland, North Brabant, Gelderland, Wallonia, Belgium, Flanders, Brussels Capital, Iceland, Westfjords, Northeast, Northwest, Southern Peninsula, Central Jutland, Capital Region, North Denmark, South Denmark, Zealand, Denmark, Connaught, Leinster, Munster, Ulster, Ireland, Slovakia, Nitriansky, Nitra, Nanumea, Nui, Nanumanga, Vaitupu, Funafuti, Nukulaelae, Niutao, Tuvalu, Nukufetau, Bern, Geneva, Obwalden, Glarus, Canton Grisons, Fribourg, Valais, Uri, Schwyz, Schaffhausen, Aargau, Vaud, Jura, Ticino, Zug, Appenzell Ausserrhoden, Lucerne, Saint Gallen, Grisons, Switzerland, Zurich, Appenzell Innerrhoden, Solothurn, Thurgau, Nidwalden, Lesotho, Berea, Leribe, Maseru, Mokhotlong, Mafeteng, Quthing, Mafeteng District, Lubombo, Shiselweni, Hhohho, Shiselweni District, Lubombo District, Swaziland, Manzini District, Manzini, Hhohho District, Baa Atholhu, Raa Atoll, Upper North, North Central, Laamu Atholhu, Shaviyani Atholhu, Dhaalu Atholhu, Laamu, Haa Dhaalu Atholhu, Northern Ari Atoll, Meemu Atholhu, Maale, South Central, Vaavu Atholhu, Seenu Atholhu, Gnyaviyani Atoll, Seenu, Faafu Atholhu, Thaa Atholhu, Gaafu Alifu Atholhu, Lhaviyani Atholhu, Gaafu Dhaalu Atholhu, Maldives, Noonu Atoll, Kaafu Atoll, Haa Alifu Atholhu, Upper South, Southern Ari Atoll, Shemgang, Gasa, Trashigang Dzongkhag, Paro, Mongar, Tongsa, Bhutan, Wangdue Phodrang Dzongkhag, Samdrup Jongkhar, Bumthang, Sarpang Dzongkhag, Zhemgang Dzongkhag, Punakha, Tashigang, Pemagatshel, Tsirang Dzongkhag, Chirang, Trongsa Dzongkhag, Punakha Dzongkhag, Thimphu, Trashi Yangste, Wangdi Phodrang, Chukha, Dagana, Thimphu Dzongkhag, Samtse Dzongkhag, Bumthang Dzongkhag, Haa, Geylegphug, Lhuntse, Samchi, Beyrouth, Lebanon, South Governorate, Al Asimah, Al Farwaniyah, Kuwait, Hawalli, Qatar, Al Wakrah, Bujumbura Mairie, Cankuzo, Ruyigi, Rutana, Bubanza, Burundi, Kayanza, Kirundo, Ngozi, Mwaro, Rumonge, Makamba, Muyinga, Cibitoke, Bujumbura Rural, Muramvya, Gitega, Bururi, Karuzi, Cyprus, Ammochostos, Lemesos, Limassol, Nicosia, Pafos, Keryneia, Larnaka, Roche Caiman, Takamaka, Mont Fleuri, Au Cap, Port Glaud, English River, Baie Sainte Anne, Anse Etoile, Pointe Larue, Anse Boileau, Glacis, Grand Anse Praslin, Baie Lazare, Anse Royale, Seychelles, Grand Anse Mahe, Bel Air, Bel Ombre, Beau Vallon, Mont Buxton, Saint Louis, Les Mamelles, Plaisance, Inner Islands, Cascade, Ali Sabieh, Arta, Tadjourah, Obock, Dikhil, Djibouti, Ashtaraki Shrjan, Artashati Shrjan, Kotayk, Taushi Shrjan, Lori, Anii Shrjan, Vayots Dzor, Armenia, Aparani Shrjan, Hrazdani Shrjan, Akhuryani Shrjan, Armaviri Shrjan, Krasnoselski Shrjan, Masisi Shrjan, Aragatsotn, Nairii Shrjan, Spitaki Shrjan, Ararati Shrjan, Aragatsi Shrjan, Yeghegnadzori Shrjan, Meghru Shrjan, Noyemberyani Shrjan, Shirak, Kamoyi Shrjan, Baghramyani Shrjan, Sevani Shrjan, Ararat, Ijevani Shrjan, Ejmiatsni Shrjan, Gorisi Shrjan, Tashiri Shrjan, Vardenisi Shrjan, Tavush, Amasiayi Shrjan, Armavir, Syunik, Gegharkunik, Kapani Shrjan, Yerevan, Tel Aviv, Haifa, Southern District, Northern District, Central District, Jerusalem, Israel, Hiiumaa, Viljandimaa, Harjumaa, Raplamaa, Valgamaa, Tartu, Saare, Estonia, Zilupes, Raunas, Dundaga, Apes, Salas Novads, Baltinava, Jaunpils, Saldus Municipality, Balvu Rajons, Jaunpiebalga, Talsu Rajons, Raunas Novads, Burtnieki, Skrundas Novads, Valmiera District, Salas, Aglona, Cesvaine, Ventspils, Ludzas Rajons, Ventspils Municipality, Aizpute, Sigulda, Siguldas Novads, Valmieras Rajons, Rojas Novads, Aloja, Olaine, Nereta, Bauskas Rajons, Rucavas, Alsunga, Saulkrastu Novads, Smiltenes Novads, Valka Municipality, Talsi Municipality, Madona Municipality, Daugavpils, Krustpils, Jelgava, Lecava, Krimulda, Ozolnieku, Engure, Smiltene, Vecpiebalga, Latvia, Skrunda, Gulbenes Rajons, Ogre, Amatas, Madonas Rajons, Rojas, Jelgavas Rajons, Saulkrastu, Salaspils, Vecpiebalgas Novads, Ventspils Rajons, Salaspils Novads, Jaunjelgava, Dobeles Rajons, Bauskas Novads, Vecumnieki, Koknese, Durbe, Mazsalaca, Saldus Rajons, Cibla, Rucavas Novads, Aizkraukles Rajons, Baldone, Balvu Novads, Vecumnieku Novads, Tukuma Rajons, Garkalne, Priekule, Dagda, Valkas Rajons, Daugavpils municipality, Kandava, Zilupes Novads, Ozolnieku Novads, Auces, Karsava, Carnikava, Northern Province, Byumba Province, Southern Province, Eastern Province, Kigali, Gisenyi Province, Umutara Province, Kigali City Province, Western Province, Gikongoro Province, Ruhengeri Province, Rwanda, Cyangugu Province, Prefegitura ya Kibuye, Kibungo Province, Parish of Saint Ann, Portland, Trelawny, Kingston, Clarendon, Hanover, Manchester, Westmoreland, Jamaica, St Ann, Saint Catherine, Cape Verde, Ribeira Grande, Ribeira Grande de Santiago, Boa Vista, Ribeira Brava, Praia, Paul, Santa Catarina do Fogo, Maio, Mosteiros, Tarrafal, Brava, Sal, Porto Novo, Distrikt Para, Suriname, Brokopondo, Saramacca, Nickerie, Distrikt Nickerie, Distrikt Coronie, Distrikt Commewijne, Distrikt Sipaliwini, Distrikt Wanica, Sipaliwini, Distrikt Saramacca, Distrikt Paramaribo, Para, Paramaribo, Distrikt Marowijne, Commewijne, Coronie, Distrikt Brokopondo, Wanica, Marowijne, Republika Srpska, Bosnia and Herzegovina, Central Serbia, Vojvodina, Serbia, Sint Eustatius, Saba, Bonaire, Sint Eustatius, and Saba, Bonaire, French Polynesia, Leeward Islands, Saint Thomas Lowland, Saint Mary Cayon, Saint James Windwa, Saint John Figtree, Saint James Windward, Middle Island, Saint George Basseterre, Saint Peter Basseterre, Saint Anne Sandy Point, Christ Church Nichola Town, Trinity Palmetto Point, Saint George Gingerland, Saint John Capesterre, Saint Paul Charlestown, Saint Paul Capesterre, Saint Kitts and Nevis, Saint Luke, Saint Peter, Saint Paul, Saint David, Dominica, Saint Joseph, Saint John, Saint Mark, Saint Patrick, Saint Andrew, Parish of Saint Mary, Saint Peter, Parish of Saint Paul, Parish of Saint Philip, Parish of Saint George, Saint Paul, Parish of Saint John, Parish of Saint Peter, Saint George, Saint Philip, Barbuda, Saint John, Antigua and Barbuda, Saint Mary, Redonda, Castries, Micoud, Saint Lucia, Laborie, Dennery, Canaries, Aruba, Charlotte, Parish of Charlotte, Saint Vincent and the Grenadines, Grenadines, Parish of Saint Patrick, Parish of Saint Andrew, Parish of Saint David, Saint David, Saint Patrick, Saint Andrew, Saint Martin, Tristan da Cunha, Saint Helena, Ascension, Vatican City, Fiorentino, Castello di Acquaviva, Borgo Maggiore, Castello di Fiorentino, Chiesanuova, Montegiardino, Castello di Faetano, Serravalle, San Marino, Faetano, Acquaviva, Domagnano, Castello di Domagnano, Castello di Montegiardino, Castello di Borgo Maggiore, Carriacou and Petite Martinique, Grenada, North Province, New Caledonia, South Province, Loyalty Islands, Bormla, Kirkop, Marsaxlokk, Qormi, Sannat, Saint Julian, Malta, Saint Venera, Balzan, Safi, Pembroke, Saint Lawrence, Birkirkara, Paola, Attard, Luqa, Dingli, Lija, Marsaskala, Tarxien, Ailuk Atoll, Wotje Atoll, Kwajalein Atoll, Marshall Islands, Majuro Atoll, Ujelang, Enewetak Atoll, Rongelap Atoll, Jabat Island, Mili Atoll, Kili Island, Taka Atoll, Ailinginae Atoll, Bikini Atoll, Rongrik Atoll, Jaluit Atoll, Arno Atoll, Ujae Atoll, Bikar Atoll, Mejit Island, Erikub Atoll, Ujelang Atoll, Lae Atoll, Likiep Atoll, Maloelap Atoll, Jemo Island, Bokak Atoll, Lib Island, Namu Atoll, Wotho Atoll, Ebon Atoll, Utrik Atoll, Namdrik Atoll, Ailinglaplap Atoll, Aur Atoll, Ngarchelong, State of Kayangel, Ngaraard, Palau, Melekeok, Ngiwal, State of Peleliu, State of Melekeok, Aimeliik, State of Angaur, Peleliu, State of Ngchesar, Hatohobei, State of Ngaraard, Angaur, Airai, State of Aimeliik, Ngaremlengui, State of Ngeremlengui, Koror, State of Koror, Ngchesar, Kayangel, State of Sonsorol, State of Ngatpang, State of Airai, State of Ngardmau, Sonsorol, Ngatpang, Ngardmau, State of Ngarchelong, State of Ngiwal, Cook Islands, District de Diekirch, Diekirch, District de Luxembourg, Mersch, Luxembourg, Remich, Clervaux, Wiltz, Vianden, Redange, Capellen, Echternach, District de Grevenmacher, Grevenmacher, Canillo, Ordino, Andorra la Vella, La Massana, Encamp, Andorra, Gamprin, Ruggell, Liechtenstein, Planken, Triesen, Triesenberg, Schaan, Balzers, Gemeinde Gamprin, Eschen, Mauren, Vaduz, Schellenberg, Kosrae, State of Pohnpei, Yap, State of Chuuk, State of Kosrae, Chuuk, Pohnpei, State of Yap, Micronesia, Meneng, Anabar, Nibok, Ijuw, Nauru, Aiwo, Boe, Denigomodu, Baiti, Anibare, Uaboe, Ewa, Buada, Yaren, Anetan, Monaco, Commune de Monaco, Manama, Muharraq, Bahrain, Southern Governorate, Northern Governorate, Central Governorate, South Georgia and South Sandwich Islands, Saint Lucy, Saint Thomas, Christ Church, Saint Philip, Saint James, Saint Michael, Barbados, Greenland, Sermersooq, Qaasuitsup, Qeqqata, Kujalleq, Netherlands Antilles, Serbia and Montenegro, Czechoslovakia, Sint Maarten, Niue, Northern Mariana Islands, Guam, Pitcairn Islands, Tokelau, Alo, Sigave, Wallis and Futuna, Martinique, Warwick Parish, Hamilton, Devonshire, Sandys, Bermuda, Warwick, Southampton, Saint George, Pembroke, Pembroke Parish, Devonshire Parish, Paget, Hamilton city, Sandys Parish, Southampton Parish, The Quarter, George Hill, Island Harbour, The Farrington, Anguilla, South Hill, Blowing Point, Sandy Hill, Stoney Ground, North Hill, The Valley, Sandy Ground, Turks and Caicos Islands, British Virgin Islands, Saint Georges, Parish of Saint Georges, Montserrat, Parish of Saint Anthony, Saint Anthony, Guadeloupe, Bouvet Island, West Bay, Sister Island, Spot Bay, South Town, West End, Bodden Town, North Side, East End, George Town, Stake Bay, Cayman Islands, Midland, Creek, Gibraltar, Norfolk Island, Christmas Island, Sham Shui Po, Tuen Mun, Wong Tai Sin, Southern, Yuen Long, Central and Western District, Hong Kong, Tsuen Wan District, Kwai Tsing, Tai Po District, Islands, Sai Kung, Central and Western, Kwun Tong, Wan Chai, Tsuen Wan, Kowloon City, Yuen Long District, Sai Kung District, Tai Po, Yau Tsim Mong, Sha Tin, Islands District, Macau, Macao, Ilhas, Heard Island and McDonald Islands, Faroe Islands, Sandoy, Streymoy, Eysturoy, St John, St Saviour, Grouville, St Clement, St Mary, Jersey, St Helier, St Ouen, Trinity, St Lawrence, St Peter, Lezayre, Patrick, Peel, Marown, Arbory, Douglas, Port Erin, Jurby, Onchan, Port St Mary, Ramsey, Rushen, Andreas, Bride, Maughold, Castletown, Michael, Isle of Man, Laxey, Malew, St Pierre du Bois, Saint Saviour, St Martin, St Sampson, Torteval, Vale, Castel, Alderney, Forest, St Peter Port, Guernsey, Mayotte, British Indian Ocean Territory, Falkland Islands, Saint Pierre and Miquelon, Guyane, French Guiana, Aguadilla, Vega Alta, Lajas, Carolina Municipio, Yauco Municipio, Municipio de Juncos, Yabucoa, Arroyo, Maricao, Orocovis, Yabucoa Municipio, Utuado Municipio, Cidra, Coamo Municipio, Salinas, Humacao Municipio, Naranjito, Cayey, Aibonito, Gurabo, Ponce Municipio, Corozal Municipio, Moca Municipio, Orocovis Municipio, Toa Baja Municipio, Morovis, Vega Baja Municipio, Barranquitas, Cabo Rojo, Toa Alta Municipio, Guaynabo, Las Piedras Municipio, Sabana Grande Municipio, Puerto Rico, Fajardo, Naguabo, Salinas Municipio, Trujillo Alto Municipio, Barceloneta, Toa Baja, Hormigueros Municipio, Fajardo Municipio, Morovis Municipio, Lares Municipio, Culebra, San Lorenzo Municipio, Patillas Municipio, Yauco, Hatillo Municipio, Vega Alta Municipio, Guayama Municipio, Luquillo, Santa Isabel Municipio, Cidra Municipio, Maunabo Municipio, Hormigueros, Guayama, Sabana Grande, Guaynabo Municipio, Moca, Lajas Municipio, Villalba Municipio, Las Piedras, Carolina, Coamo, Luquillo Municipio, Camuy, Naguabo Municipio, Adjuntas, Naranjito Municipio, Dorado Municipio, Ciales Municipio, Dorado, Municipio de Jayuya, Quebradillas, Ceiba Municipio, Aguada, San Lorenzo, Isabela, Florida Municipio, Toa Alta, Quebradillas Municipio, Camuy Municipio, Ciales, Gurabo Municipio, Humacao, Ponce, Hatillo, Aguas Buenas, Cayey Municipio, Villalba, Guayanilla, Maunabo, Cabo Rojo Municipio, Utuado, Arecibo, Caguas Municipio, Florida, Corozal, Vega Baja, Vieques, Culebra Municipio, Ceiba, Trujillo Alto, Lares, Patillas, Caguas, Maricao Municipio, Municipio de Isabela, Guayanilla Municipio, Palestine, Gaza Strip, West Bank, Svalbard, Svalbard and Jan Mayen, Jan Mayen, Saipan, Tinian, Northern Islands, Rota, Sinajana, Agana Heights, Umatac, Santa Rita Municipality, Hagatna, Yigo, Talofofo, Dededo, Merizo, Merizo Municipality, Inarajan, Talofofo Municipality, Piti Municipality, Santa Rita, Sinajana Municipality, Yona, Tamuning, Asan, Barrigada, Piti, Mangilao, Agat, Wake Island, Fakaofo, Atafu, Nukunonu, Motu O Manu, Eastern District, Swains Island, Rose Island, Western District, Western Sahara, European Union, Pamandzi, Chiconi, Tsingoni, Sada, Mamoudzou, Bandraboua, Bandrele, Chirongui, Mtsamboro, Dzaoudzi, Dembeni, Acoua, Koungou, Ouangani, Mariehamns stad, Santon, German, Braddan, Ballaugh, Lonan, Afghan, Argentine, Argentinian, Australian, Belgian, Bolivian, Brazilian, Cambodian, Cameroonian, Canadian, Chilean, Chinese, Colombian, Costa Rican, Cuban, Danish, Dominican, Ecuadorian, Egyptian, Salvadorian, English, Estonian, Ethiopian, Finnish, French, German, Ghanaian, Greek, Guatemalan, Haitian, Honduran, Indonesian, Iranian, Irish, Israeli, Italian, Japanese, Jordanian, Kenyan, Laotian, Latvian, Lebanese, Lithuanian, Malaysian, Mexican, Moroccan, Dutch, New Zealander, Nicaraguan, Norwegian, Panamanian, Paraguayan, Peruvian, Filipino, Polish, Portuguese, Puerto Rican, Romanian, Russian, Saudi, Scottish, Korean, Spanish, Swedish, Swiss, Taiwanese, Tajik, Thai, Turkish, Ukrainian, British, American, Uruguayan, Venezuelan, Vietnamese, Welsh, Afghanistan, Albania, Algeria, American Samoa, Andorra, Angola, Anguilla, Antarctica, Antigua and Barbuda, Argentina, Armenia, Aruba, Australia, Austria, Azerbaijan, Bahamas, Bahrain, Bangladesh, Barbados, Belarus, Belgium, Belize, Benin, Bermuda, Bhutan, Bolivia, Bonaire, Bosnia and Herzegovina, Botswana, Bouvet Island, Brazil, British Indian Ocean Territory, British Virgin Islands, Brunei, Bulgaria, Burkina Faso, Burundi, Cambodia, Cameroon, Canada, Cape Verde, Cayman Islands, Central African Republic, Chad, Chile, China, Christmas Island, Cocos [Keeling] Islands, Colombia, Comoros, Cook Islands, Costa Rica, Croatia, Cuba, Curacao, Cyprus, Czechia, Democratic Republic of the Congo, Denmark, Djibouti, Dominica, Dominican Republic, East Timor, Ecuador, Egypt, El Salvador, Equatorial Guinea, Eritrea, Estonia, Ethiopia, Falkland Islands, Faroe Islands, Fiji, Finland, France, French Guiana, French Polynesia, French Southern Territories, Gabon, Gambia, Georgia, Germany, Ghana, Gibraltar, Greece, Greenland, Grenada, Guadeloupe, Guam, Guatemala, Guernsey, Guinea, Guinea-Bissau, Guyana, Haiti, Heard Island and McDonald Islands, Honduras, Hong Kong, Hungary, Iceland, India, Indonesia, Iran, Iraq, Ireland, Isle of Man, Israel, Italy, Ivory Coast, Jamaica, Japan, Jersey, Jordan, Kazakhstan, Kenya, Kiribati, Kosovo, Kuwait, Kyrgyzstan, Laos, Latvia, Lebanon, Lesotho, Liberia, Libya, Liechtenstein, Lithuania, Luxembourg, Macao, Macedonia, Madagascar, Malawi, Malaysia, Maldives, Mali, Malta, Marshall Islands, Martinique, Mauritania, Mauritius, Mayotte, Mexico, Micronesia, Moldova, Monaco, Mongolia, Montenegro, Montserrat, Morocco, Mozambique, Myanmar [Burma], Namibia, Nauru, Nepal, Netherlands, New Caledonia, New Zealand, Nicaragua, Niger, Nigeria, Niue, Norfolk Island, North Korea, Northern Mariana Islands, Norway, Oman, Pakistan, Palau, Palestine, Panama, Papua New Guinea, Paraguay, Peru, Philippines, Pitcairn Islands, Poland, Portugal, Puerto Rico, Qatar, Republic of the Congo, Romania, Russia, Rwanda, Runion, Saint Barthlemy, Saint Helena, Saint Kitts and Nevis, Saint Lucia, Saint Martin, Saint Pierre and Miquelon, Saint Vincent and the Grenadines, Samoa, San Marino, Saudi Arabia, Senegal, Serbia, Seychelles, Sierra Leone, Singapore, Sint Maarten, Slovakia, Slovenia, Solomon Islands, Somalia, South Africa, South Georgia and the South Sandwich Islands, South Korea, South Sudan, Spain, Sri Lanka, Sudan, Suriname, Svalbard and Jan Mayen, Swaziland, Sweden, Switzerland, Syria, So Tom and Prncipe, Taiwan, Tajikistan, Tanzania, Thailand, Togo, Tokelau, Tonga, Trinidad and Tobago, Tunisia, Turkey, Turkmenistan, Turks and Caicos Islands, Tuvalu, U.S. Minor Outlying Islands, U.S. Virgin Islands, Uganda, Ukraine, United Arab Emirates, United Kingdom, United States, Uruguay, Uzbekistan, Vanuatu, Vatican City, Venezuela, Vietnam, Wallis and Futuna, Western Sahara, Yemen, Zambia, Zimbabwe, America, Korea